datetime,portfolio_value,cash,return
2023-01-03 09:30:00-05:00,100000.0,100000.0,
2023-01-03 09:40:00-05:00,100000.0,100000.0,0.0
2023-01-03 09:50:00-05:00,100000.0,100000.0,0.0
2023-01-03 10:00:00-05:00,100000.0,100000.0,0.0
2023-01-03 10:10:00-05:00,100000.0,100000.0,0.0
2023-01-03 10:20:00-05:00,100000.0,100000.0,0.0
2023-01-03 10:30:00-05:00,100000.0,100000.0,0.0
2023-01-03 10:40:00-05:00,100000.0,100000.0,0.0
2023-01-03 10:50:00-05:00,100000.0,100000.0,0.0
2023-01-03 11:00:00-05:00,100000.0,100000.0,0.0
2023-01-03 11:10:00-05:00,100000.0,100000.0,0.0
2023-01-03 11:20:00-05:00,99980.193,83307.12150000001,-0.00019807000000005015
2023-01-03 11:30:00-05:00,99961.34300000001,83307.12150000001,-0.00018853734359158825
2023-01-03 11:40:00-05:00,99948.293,83307.12150000001,-0.0001305504668940305
2023-01-03 11:50:00-05:00,99921.70000000001,83307.12150000001,-0.00026606757556124627
2023-01-03 12:00:00-05:00,99906.243,83307.12150000001,-0.0001546911231494752
2023-01-03 12:10:00-05:00,99925.5715,83307.12150000001,0.00019346638828166007
2023-01-03 12:20:00-05:00,99931.37150000001,83307.12150000001,5.804320068358848e-05
2023-01-03 12:30:00-05:00,99935.24300000002,83307.12150000001,3.874158777072978e-05
2023-01-03 12:40:00-05:00,99979.7,66679.0,0.0004448580767446586
2023-01-03 12:50:00-05:00,99873.357,66679.0,-0.0010636459201217585
2023-01-03 13:00:00-05:00,99930.43,49945.42,0.0005714537061169978
2023-01-03 13:10:00-05:00,99909.443,49945.42,-0.00021001610820636785
2023-01-03 13:20:00-05:00,99871.2548,49945.42,-0.0003822281343316414
2023-01-03 13:30:00-05:00,100170.9748,49945.42,0.0030010637254955785
2023-01-03 13:40:00-05:00,100042.703,49945.42,-0.0012805286187551612
2023-01-03 13:50:00-05:00,100063.72,49945.42,0.00021008028941404966
2023-01-03 14:00:00-05:00,100159.79699999999,49945.42,0.0009601581872029641
2023-01-03 14:10:00-05:00,100048.363,49945.42,-0.0011125621590466483
2023-01-03 14:20:00-05:00,99975.613,49945.42,-0.0007271483292534686
2023-01-03 14:30:00-05:00,99955.77999999998,49945.42,-0.00019837837853531326
2023-01-03 14:40:00-05:00,99885.663,49945.42,-0.0007014801945418592
2023-01-03 14:50:00-05:00,100280.2058,49945.42,0.003949944247754411
2023-01-03 15:00:00-05:00,100171.023,49945.42,-0.0010887771831835646
2023-01-03 15:10:00-05:00,100152.6906,49945.42,-0.0001830110090819126
2023-01-03 15:20:00-05:00,100266.837,49945.42,0.0011397237489694234
2023-01-03 15:30:00-05:00,100228.543,49945.42,-0.0003819208937446694
2023-01-03 15:40:00-05:00,100166.063,49945.42,-0.0006233753193439773
2023-01-03 15:50:00-05:00,100186.65699999999,49945.42,0.00020559857683521976
2023-01-03 16:00:00-05:00,100147.477,49945.42,-0.00039107004039462545
2023-01-04 09:30:00-05:00,101078.98,49945.42,0.009301312703064779
2023-01-04 09:40:00-05:00,101549.30300000001,49945.42,0.004653024793087823
2023-01-04 09:50:00-05:00,101230.897,49945.42,-0.0031354818850900523
2023-01-04 10:00:00-05:00,101071.517,49945.42,-0.001574420505233598
2023-01-04 10:10:00-05:00,100617.60299999999,49945.42,-0.004491017978883405
2023-01-04 10:20:00-05:00,100774.463,49945.42,0.001558971743741644
2023-01-04 10:30:00-05:00,100618.4,49945.42,-0.0015486363841998863
2023-01-04 10:40:00-05:00,100439.537,49945.42,-0.0017776370922216733
2023-01-04 10:50:00-05:00,100777.34699999998,49945.42,0.0033633169774567317
2023-01-04 11:00:00-05:00,100834.663,49945.42,0.0005687389250286223
2023-01-04 11:10:00-05:00,100933.9518,49945.42,0.0009846693294348619
2023-01-04 11:20:00-05:00,101088.9366,49945.42,0.0015355071037652657
2023-01-04 11:30:00-05:00,101239.67,49945.42,0.0014910969001131757
2023-01-04 11:40:00-05:00,101595.90299999999,49945.42,0.003518709612546189
2023-01-04 11:50:00-05:00,101528.603,49945.42,-0.0006624282870932863
2023-01-04 12:00:00-05:00,101448.96299999999,49945.42,-0.0007844094929584378
2023-01-04 12:10:00-05:00,101411.82,49945.42,-0.0003661249844415515
2023-01-04 12:20:00-05:00,101462.36,49945.42,0.0004983639974116549
2023-01-04 12:30:00-05:00,101479.76000000001,49945.42,0.0001714921671447378
2023-01-04 12:40:00-05:00,101615.44,49945.42,0.001337015381195128
2023-01-04 12:50:00-05:00,101623.40000000001,49945.42,7.833455230832342e-05
2023-01-04 13:00:00-05:00,101369.45000000001,49945.42,-0.00249893233251397
2023-01-04 13:10:00-05:00,101441.18119999999,49945.42,0.000707621477673781
2023-01-04 13:20:00-05:00,101560.52999999998,49945.42,0.001176532041407219
2023-01-04 13:30:00-05:00,101552.10299999999,49945.42,-8.297514792410254e-05
2023-01-04 13:40:00-05:00,101720.4,49945.42,0.0016572478070691066
2023-01-04 13:50:00-05:00,101684.983,49945.42,-0.00034817991278057736
2023-01-04 14:00:00-05:00,101536.26000000001,49945.42,-0.0014625856799325154
2023-01-04 14:10:00-05:00,101208.487,49945.42,-0.0032281374161311494
2023-01-04 14:20:00-05:00,101557.57999999999,49945.42,0.003449246306784559
2023-01-04 14:30:00-05:00,100959.23999999999,49945.42,-0.005891633101143157
2023-01-04 14:40:00-05:00,101152.1288,49945.42,0.001910561133384281
2023-01-04 14:50:00-05:00,101264.543,49945.42,0.0011113379553511216
2023-01-04 15:00:00-05:00,101548.79999999999,49945.42,0.0028070733504419465
2023-01-04 15:10:00-05:00,101528.083,49945.42,-0.00020401028864924786
2023-01-04 15:20:00-05:00,101485.711,49945.42,-0.00041734265779447277
2023-01-04 15:30:00-05:00,101300.20000000001,49945.42,-0.001827951917289905
2023-01-04 15:40:00-05:00,101107.62299999999,49945.42,-0.0019010525151975655
2023-01-04 15:50:00-05:00,101265.077,49945.42,0.0015572910857573063
2023-01-04 16:00:00-05:00,101517.04000000001,49945.42,0.0024881529493134824
2023-01-05 09:30:00-05:00,100875.243,49945.42,-0.006322061793763933
2023-01-05 09:40:00-05:00,100730.04000000001,49945.42,-0.0014394314767598448
2023-01-05 09:50:00-05:00,100582.81,49945.42,-0.0014616295198534024
2023-01-05 10:00:00-05:00,100625.17,49945.42,0.0004211455217844051
2023-01-05 10:10:00-05:00,100694.84360000001,49945.42,0.0006924072774239232
2023-01-05 10:20:00-05:00,100649.56300000001,49945.42,-0.00044968141745038714
2023-01-05 10:30:00-05:00,100807.46879999999,49945.42,0.0015688672190259378
2023-01-05 10:40:00-05:00,100721.01699999999,49945.42,-0.0008575932024591504
2023-01-05 10:50:00-05:00,100766.643,49945.42,0.0004529938374233655
2023-01-05 11:00:00-05:00,100592.61299999998,49945.42,-0.0017270596183304177
2023-01-05 11:10:00-05:00,100649.75279999999,49945.42,0.0005680317698875115
2023-01-05 11:20:00-05:00,100626.48300000001,49945.42,-0.0002311957988234692
2023-01-05 11:30:00-05:00,100660.18,49945.42,0.00033487208332605434
2023-01-05 11:40:00-05:00,100730.303,49945.42,0.0006966309815858995
2023-01-05 11:50:00-05:00,100793.5,49945.42,0.0006273881654064173
2023-01-05 12:00:00-05:00,100638.4,49945.42,-0.0015387897037011378
2023-01-05 12:10:00-05:00,100797.97979999999,49945.42,0.0015856750504776862
2023-01-05 12:20:00-05:00,100539.26999999999,49945.42,-0.0025666169154711094
2023-01-05 12:30:00-05:00,100718.823,49945.42,0.0017858991814840852
2023-01-05 12:40:00-05:00,100685.26999999999,49945.42,-0.00033313534650836196
2023-01-05 12:50:00-05:00,100613.7494,49945.42,-0.0007103382649714662
2023-01-05 13:00:00-05:00,100548.08179999999,49945.42,-0.0006526702403162332
2023-01-05 13:10:00-05:00,100656.9246,49945.42,0.0010824950416907786
2023-01-05 13:20:00-05:00,100580.057,49945.42,-0.0007636593339749309
2023-01-05 13:30:00-05:00,100927.66299999999,49945.42,0.003456013153780413
2023-01-05 13:40:00-05:00,100893.93699999999,49945.42,-0.0003341601202040412
2023-01-05 13:50:00-05:00,100645.4222,49945.42,-0.0024631291769294794
2023-01-05 14:00:00-05:00,100673.81700000001,49945.42,0.000282127089134665
2023-01-05 14:10:00-05:00,100740.7562,49945.42,0.0006649117118504577
2023-01-05 14:20:00-05:00,100785.263,49945.42,0.00044179537338040475
2023-01-05 14:30:00-05:00,100601.90299999999,49945.42,-0.001819313603418582
2023-01-05 14:40:00-05:00,100841.18,49945.42,0.0023784540139364374
2023-01-05 14:50:00-05:00,100854.47699999998,49945.42,0.00013186081321125975
2023-01-05 15:00:00-05:00,100704.497,49945.42,-0.0014870931312249702
2023-01-05 15:10:00-05:00,100637.41999999998,49945.42,-0.0006660775039670774
2023-01-05 15:20:00-05:00,100578.77,49945.42,-0.0005827852105109166
2023-01-05 15:30:00-05:00,100440.41699999999,49945.42,-0.0013755686214895757
2023-01-05 15:40:00-05:00,100444.943,49945.42,4.506154131167506e-05
2023-01-05 15:50:00-05:00,100408.02299999999,49945.42,-0.0003675645472764888
2023-01-05 16:00:00-05:00,100369.77699999999,49945.42,-0.0003809058166597268
2023-01-06 09:30:00-05:00,101070.73999999999,49945.42,0.006983805493560036
2023-01-06 09:40:00-05:00,100534.41700000002,49945.42,-0.005306412122835669
2023-01-06 09:50:00-05:00,100324.73999999999,49945.42,-0.0020856240704119067
2023-01-06 10:00:00-05:00,100325.68299999999,49945.42,9.399476141203067e-06
2023-01-06 10:10:00-05:00,100636.557,49945.42,0.0030986482294868
2023-01-06 10:20:00-05:00,100933.18299999999,49945.42,0.0029474974983492164
2023-01-06 10:30:00-05:00,100769.583,49945.42,-0.0016208742767974682
2023-01-06 10:40:00-05:00,101183.51999999999,49945.42,0.004107757397388445
2023-01-06 10:50:00-05:00,101427.677,49945.42,0.0024130115259877183
2023-01-06 11:00:00-05:00,101491.043,49945.42,0.0006247407204249544
2023-01-06 11:10:00-05:00,101500.94,49945.42,9.751599458884819e-05
2023-01-06 11:20:00-05:00,101416.1,49945.42,-0.0008358543280485575
2023-01-06 11:30:00-05:00,101606.56700000001,49945.42,0.001878074585790701
2023-01-06 11:40:00-05:00,101797.884,49945.42,0.0018829196345153676
2023-01-06 11:50:00-05:00,101886.43000000001,49945.42,0.0008698216163314232
2023-01-06 12:00:00-05:00,101934.91999999998,49945.42,0.0004759220634187322
2023-01-06 12:10:00-05:00,101933.317,49945.42,-1.5725719900383517e-05
2023-01-06 12:20:00-05:00,101956.63999999998,49945.42,0.00022880644608069822
2023-01-06 12:30:00-05:00,101853.037,49945.42,-0.0010161476486474363
2023-01-06 12:40:00-05:00,101893.27999999998,49945.42,0.00039510849342661025
2023-01-06 12:50:00-05:00,101899.29699999999,49945.42,5.9051980660695946e-05
2023-01-06 13:00:00-05:00,101877.617,49945.42,-0.0002127590733034257
2023-01-06 13:10:00-05:00,102014.8048,49945.42,0.0013465941198840259
2023-01-06 13:20:00-05:00,102024.33299999998,49945.42,9.340016891346004e-05
2023-01-06 13:30:00-05:00,102119.5,49945.42,0.0009327872792856962
2023-01-06 13:40:00-05:00,102240.33299999998,49945.42,0.001183250995157481
2023-01-06 13:50:00-05:00,102190.117,49945.42,-0.000491156459750397
2023-01-06 14:00:00-05:00,102286.54000000001,49945.42,0.0009435648263325103
2023-01-06 14:10:00-05:00,102310.70300000001,49945.42,0.00023622853994287318
2023-01-06 14:20:00-05:00,102516.82299999999,49945.42,0.0020146474802344994
2023-01-06 14:30:00-05:00,102541.9718,49945.42,0.0002453138837517077
2023-01-06 14:40:00-05:00,102567.89000000001,49945.42,0.0002527569886268122
2023-01-06 14:50:00-05:00,102620.58699999998,49945.42,0.0005137767775078572
2023-01-06 15:00:00-05:00,102791.903,49945.42,0.0016694116162092598
2023-01-06 15:10:00-05:00,102966.903,49945.42,0.0017024687246036674
2023-01-06 15:20:00-05:00,102896.65699999999,49945.42,-0.0006822192175675035
2023-01-06 15:30:00-05:00,102777.54019999999,49945.42,-0.001157635276722413
2023-01-06 15:40:00-05:00,102844.7262,49945.42,0.0006537031327007448
2023-01-06 15:50:00-05:00,102740.70000000001,49945.42,-0.001011487937628397
2023-01-06 16:00:00-05:00,102633.79699999999,49945.42,-0.001040512669273408
2023-01-09 09:30:00-05:00,103780.083,49945.42,0.011168699137185767
2023-01-09 09:40:00-05:00,103730.033,49945.42,-0.0004822698012295623
2023-01-09 09:50:00-05:00,104515.423,49945.42,0.0075714812507579055
2023-01-09 10:00:00-05:00,104702.18299999999,49945.42,0.0017869133056085396
2023-01-09 10:10:00-05:00,104897.317,49945.42,0.0018637051722216746
2023-01-09 10:20:00-05:00,104773.923,49945.42,-0.0011763313259957053
2023-01-09 10:30:00-05:00,104855.917,49945.42,0.0007825802227525713
2023-01-09 10:40:00-05:00,105092.84,49945.42,0.002259510066560999
2023-01-09 10:50:00-05:00,105182.033,49945.42,0.0008487067244542512
2023-01-09 11:00:00-05:00,105056.335,49945.42,-0.0011950520104511142
2023-01-09 11:10:00-05:00,105236.0282,49945.42,0.0017104461144583638
2023-01-09 11:20:00-05:00,105334.83299999998,49945.42,0.0009388875814679842
2023-01-09 11:30:00-05:00,105300.557,49945.42,-0.00032540043045381495
2023-01-09 11:40:00-05:00,105222.16999999998,49945.42,-0.0007444120167381385
2023-01-09 11:50:00-05:00,105285.80300000001,49945.42,0.0006047489801819239
2023-01-09 12:00:00-05:00,105403.777,49945.42,0.0011205119459456458
2023-01-09 12:10:00-05:00,105266.76699999999,49945.42,-0.0012998585430198384
2023-01-09 12:20:00-05:00,105257.58299999998,49945.42,-8.724500867407503e-05
2023-01-09 12:30:00-05:00,105350.08,49945.42,0.0008787680408737231
2023-01-09 12:40:00-05:00,105205.66,49945.42,-0.0013708580002976811
2023-01-09 12:50:00-05:00,105282.2118,49945.42,0.0007276395585560369
2023-01-09 13:00:00-05:00,105356.06880000001,49945.42,0.0007015145173840942
2023-01-09 13:10:00-05:00,105248.29999999999,49945.42,-0.001022900732985721
2023-01-09 13:20:00-05:00,105283.40299999999,49945.42,0.0003335255771352852
2023-01-09 13:30:00-05:00,105353.457,49945.42,0.0006653850274958018
2023-01-09 13:40:00-05:00,105088.32,49945.42,-0.0025166426195202263
2023-01-09 13:50:00-05:00,104729.737,49945.42,-0.003412206037740617
2023-01-09 14:00:00-05:00,104896.23,49945.42,0.001589739502544596
2023-01-09 14:10:00-05:00,105043.98,49945.42,0.0014085348920547247
2023-01-09 14:20:00-05:00,105097.42,49945.42,0.0005087392918661227
2023-01-09 14:30:00-05:00,105169.563,49945.42,0.0006864393055510121
2023-01-09 14:40:00-05:00,104970.65060000001,49945.42,-0.001891349496241479
2023-01-09 14:50:00-05:00,104902.727,49945.42,-0.0006470722969874609
2023-01-09 15:00:00-05:00,104680.7718,49945.42,-0.0021158191626419187
2023-01-09 15:10:00-05:00,104684.38659999998,49945.42,3.453165216327214e-05
2023-01-09 15:20:00-05:00,104619.823,49945.42,-0.0006167452673403462
2023-01-09 15:30:00-05:00,104579.14000000001,49945.42,-0.0003888651197583304
2023-01-09 15:40:00-05:00,104473.01000000001,49945.42,-0.0010148295348384462
2023-01-09 15:50:00-05:00,104381.51999999999,49945.42,-0.0008757285733417275
2023-01-09 16:00:00-05:00,104200.703,49945.42,-0.0017322702332749351
2023-01-10 09:30:00-05:00,103923.33699999998,49945.42,-0.0026618438457176596
2023-01-10 09:40:00-05:00,104330.30299999999,49945.42,0.003916021287884597
2023-01-10 09:50:00-05:00,104026.34599999999,49945.42,-0.0029134104978109088
2023-01-10 10:00:00-05:00,104298.4206,49945.42,0.0026154393618709193
2023-01-10 10:10:00-05:00,104218.43999999999,49945.42,-0.0007668438269716749
2023-01-10 10:20:00-05:00,104492.43699999999,49945.42,0.002629064491850075
2023-01-10 10:30:00-05:00,104253.54699999999,49945.42,-0.0022861941673347763
2023-01-10 10:40:00-05:00,104053.647,49945.42,-0.0019174407562362328
2023-01-10 10:50:00-05:00,103999.177,49945.42,-0.0005234799699044279
2023-01-10 11:00:00-05:00,104363.983,49945.42,0.0035077777586642878
2023-01-10 11:10:00-05:00,104250.51699999999,49945.42,-0.0010872141589306494
2023-01-10 11:20:00-05:00,104246.33699999998,49945.42,-4.00957244174327e-05
2023-01-10 11:30:00-05:00,104241.3,49945.42,-4.831824450557409e-05
2023-01-10 11:40:00-05:00,104183.04779999999,49945.42,-0.0005588207361191255
2023-01-10 11:50:00-05:00,104235.95700000001,49945.42,0.0005078484563207919
2023-01-10 12:00:00-05:00,104295.31999999999,49945.42,0.0005695059719170725
2023-01-10 12:10:00-05:00,104283.10299999999,49945.42,-0.0001171385254871149
2023-01-10 12:20:00-05:00,104309.367,49945.42,0.0002518528816697341
2023-01-10 12:30:00-05:00,104272.0652,49945.42,-0.00035760738534629244
2023-01-10 12:40:00-05:00,104459.07699999999,49945.42,0.0017934985716576701
2023-01-10 12:50:00-05:00,104354.117,49945.42,-0.0010047953994462011
2023-01-10 13:00:00-05:00,104329.543,49945.42,-0.00023548663633454758
2023-01-10 13:10:00-05:00,104453.907,49945.42,0.0011920305258119601
2023-01-10 13:20:00-05:00,104263.223,49945.42,-0.0018255324810397822
2023-01-10 13:30:00-05:00,104314.19639999999,49945.42,0.0004888914665528432
2023-01-10 13:40:00-05:00,104437.877,49945.42,0.0011856545347457281
2023-01-10 13:50:00-05:00,104440.38699999999,49945.42,2.403342611034809e-05
2023-01-10 14:00:00-05:00,104559.943,49945.42,0.0011447295766915389
2023-01-10 14:10:00-05:00,104653.037,49945.42,0.0008903409597305068
2023-01-10 14:20:00-05:00,104789.72,49945.42,0.0013060586096513838
2023-01-10 14:30:00-05:00,104855.863,49945.42,0.0006311974113490937
2023-01-10 14:40:00-05:00,104812.23999999999,49945.42,-0.0004160282386880265
2023-01-10 14:50:00-05:00,104776.237,49945.42,-0.0003434999576384934
2023-01-10 15:00:00-05:00,104825.257,49945.42,0.00046785417575168076
2023-01-10 15:10:00-05:00,104713.907,49945.42,-0.0010622439971693654
2023-01-10 15:20:00-05:00,104786.117,49945.42,0.0006895932170689623
2023-01-10 15:30:00-05:00,104808.037,49945.42,0.00020918801676761412
2023-01-10 15:40:00-05:00,104832.42199999999,49945.42,0.00023266345499806107
2023-01-10 15:50:00-05:00,104854.26299999999,49945.42,0.00020834203372688265
2023-01-10 16:00:00-05:00,104985.85699999999,49945.42,0.0012550181197688026
2023-01-11 09:30:00-05:00,104923.74179999999,49945.42,-0.0005916530261785846
2023-01-11 09:40:00-05:00,104774.703,49945.42,-0.0014204487701562352
2023-01-11 09:50:00-05:00,104834.973,49945.42,0.0005752342719598236
2023-01-11 10:00:00-05:00,104732.827,49945.42,-0.0009743504202551767
2023-01-11 10:10:00-05:00,104765.274,49945.42,0.00030980735390628844
2023-01-11 10:20:00-05:00,104823.223,49945.42,0.0005531317562343929
2023-01-11 10:30:00-05:00,105018.973,49945.42,0.0018674297011456176
2023-01-11 10:40:00-05:00,104645.60299999999,49945.42,-0.003555262342929355
2023-01-11 10:50:00-05:00,104698.843,49945.42,0.000508764806869122
2023-01-11 11:00:00-05:00,104439.75,49945.42,-0.0024746500780337133
2023-01-11 11:10:00-05:00,104614.32699999999,49945.42,0.0016715570460479334
2023-01-11 11:20:00-05:00,104736.237,49945.42,0.0011653279574221909
2023-01-11 11:30:00-05:00,104710.92300000001,49945.42,-0.00024169285363939697
2023-01-11 11:40:00-05:00,104742.783,49945.42,0.00030426625119117645
2023-01-11 11:50:00-05:00,104834.45860000001,49945.42,0.0008752450276217072
2023-01-11 12:00:00-05:00,104830.45999999999,49945.42,-3.814203891949752e-05
2023-01-11 12:10:00-05:00,104910.9218,49945.42,0.0007675421819193229
2023-01-11 12:20:00-05:00,105056.817,49945.42,0.0013906578790541246
2023-01-11 12:30:00-05:00,105120.42300000001,49945.42,0.000605443814274409
2023-01-11 12:40:00-05:00,104995.413,49945.42,-0.0011892075434286609
2023-01-11 12:50:00-05:00,104902.157,49945.42,-0.0008881911822185007
2023-01-11 13:00:00-05:00,104948.417,49945.42,0.0004409823527269374
2023-01-11 13:10:00-05:00,105183.62,49945.42,0.002241129563678834
2023-01-11 13:20:00-05:00,105020.04299999999,49945.42,-0.001555156591872442
2023-01-11 13:30:00-05:00,105129.957,49945.42,0.0010466002189697399
2023-01-11 13:40:00-05:00,105069.01999999999,49945.42,-0.0005796349750243346
2023-01-11 13:50:00-05:00,105091.34,49945.42,0.0002124317900749073
2023-01-11 14:00:00-05:00,105079.07699999999,49945.42,-0.00011668896790173466
2023-01-11 14:10:00-05:00,105114.4,49945.42,0.0003361563596528949
2023-01-11 14:20:00-05:00,105152.0252,49945.42,0.00035794524822496676
2023-01-11 14:30:00-05:00,105038.4118,49945.42,-0.0010804680155603874
2023-01-11 14:40:00-05:00,105138.123,49945.42,0.0009492832030806309
2023-01-11 14:50:00-05:00,105146.923,49945.42,8.369942080843629e-05
2023-01-11 15:00:00-05:00,105141.7682,49945.42,-4.902473465617785e-05
2023-01-11 15:10:00-05:00,105184.323,49945.42,0.000404737343955075
2023-01-11 15:20:00-05:00,105285.76000000001,49945.42,0.0009643737498790106
2023-01-11 15:30:00-05:00,105331.63,49945.42,0.0004356714526256855
2023-01-11 15:40:00-05:00,105160.2072,49945.42,-0.0016274579630068953
2023-01-11 15:50:00-05:00,105340.163,49945.42,0.0017112537602530509
2023-01-11 16:00:00-05:00,105562.30300000001,49945.42,0.0021087873197995766
2023-01-12 09:30:00-05:00,105874.92,49945.42,0.0029614454318980243
2023-01-12 09:40:00-05:00,105582.26,49945.42,-0.0027642051583132154
2023-01-12 09:50:00-05:00,104538.897,49945.42,-0.009881991539108959
2023-01-12 10:00:00-05:00,104830.397,49945.42,0.0027884357723804154
2023-01-12 10:10:00-05:00,105080.563,49945.42,0.0023863879863013082
2023-01-12 10:20:00-05:00,105784.08,49945.42,0.006695025035220015
2023-01-12 10:30:00-05:00,105546.6256,49945.42,-0.002244708277464813
2023-01-12 10:40:00-05:00,105792.19699999999,49945.42,0.002326662729424056
2023-01-12 10:50:00-05:00,105325.12,49945.42,-0.004415042065909591
2023-01-12 11:00:00-05:00,105460.39799999999,49945.42,0.0012843849596373413
2023-01-12 11:10:00-05:00,105460.301,49945.42,-9.19776540042605e-07
2023-01-12 11:20:00-05:00,105598.9102,49945.42,0.0013143258523413692
2023-01-12 11:30:00-05:00,105592.31700000001,49945.42,-6.243625040736056e-05
2023-01-12 11:40:00-05:00,105649.97,49945.42,0.0005459961637170885
2023-01-12 11:50:00-05:00,105645.154,49945.42,-4.5584489990924126e-05
2023-01-12 12:00:00-05:00,105905.0,49945.42,0.002459611162098474
2023-01-12 12:10:00-05:00,106033.9,49945.42,0.0012171285586137781
2023-01-12 12:20:00-05:00,106313.397,49945.42,0.0026359211535178506
2023-01-12 12:30:00-05:00,106445.425,49945.42,0.0012418754712542057
2023-01-12 12:40:00-05:00,106494.725,69233.582,0.0004631481343608801
2023-01-12 12:50:00-05:00,106473.5054,52605.0704,-0.00019925493962269503
2023-01-12 13:00:00-05:00,106508.1984,36003.5784,0.0003258369288177132
2023-01-12 13:10:00-05:00,106423.20139999999,36003.5784,-0.000798032463949716
2023-01-12 13:20:00-05:00,106542.28839999999,36003.5784,0.001118994715751942
2023-01-12 13:30:00-05:00,106001.92139999999,36003.5784,-0.005071854642085927
2023-01-12 13:40:00-05:00,106301.2384,36003.5784,0.0028236940995676196
2023-01-12 13:50:00-05:00,106426.5584,36003.5784,0.0011789138290978496
2023-01-12 14:00:00-05:00,106593.49539999999,36003.5784,0.0015685652388810478
2023-01-12 14:10:00-05:00,106467.8084,36003.5784,-0.0011791244815486657
2023-01-12 14:20:00-05:00,106428.4554,36003.5784,-0.000369623462635138
2023-01-12 14:30:00-05:00,106237.75839999999,36003.5784,-0.001791785846024907
2023-01-12 14:40:00-05:00,106350.55840000001,36003.5784,0.0010617693906465053
2023-01-12 14:50:00-05:00,106349.56139999999,36003.5784,-9.37465693662265e-06
2023-01-12 15:00:00-05:00,106303.87539999999,36003.5784,-0.00042958334193943237
2023-01-12 15:10:00-05:00,106070.6384,36003.5784,-0.002194059239349122
2023-01-12 15:20:00-05:00,106022.6784,36003.5784,-0.0004521515164180867
2023-01-12 15:30:00-05:00,106169.1984,36003.5784,0.0013819684826976708
2023-01-12 15:40:00-05:00,106166.14140000001,36003.5784,-2.8793661872361653e-05
2023-01-12 15:50:00-05:00,106061.5984,36003.5784,-0.0009847113083456538
2023-01-12 16:00:00-05:00,106261.76139999999,36003.5784,0.0018872334852535477
2023-01-13 09:30:00-05:00,105444.5754,36003.5784,-0.007690311069885825
2023-01-13 09:40:00-05:00,105620.7954,36003.5784,0.0016712097263564818
2023-01-13 09:50:00-05:00,105547.67539999998,36003.5784,-0.0006922879128405945
2023-01-13 10:00:00-05:00,105693.84139999999,36003.5784,0.0013848339098523343
2023-01-13 10:10:00-05:00,105916.8806,36003.5784,0.002110238373832285
2023-01-13 10:20:00-05:00,106065.7154,36003.5784,0.001405203770700858
2023-01-13 10:30:00-05:00,106178.0014,36003.5784,0.0010586455724785893
2023-01-13 10:40:00-05:00,106186.4754,36003.5784,7.980937565466029e-05
2023-01-13 10:50:00-05:00,106353.1014,36003.5784,0.0015691828867314683
2023-01-13 11:00:00-05:00,106278.1214,36003.5784,-0.0007050099998305859
2023-01-13 11:10:00-05:00,106202.7614,36003.5784,-0.0007090829138423071
2023-01-13 11:20:00-05:00,105998.5184,36003.5784,-0.0019231420850795988
2023-01-13 11:30:00-05:00,106004.39839999999,36003.5784,5.547247347181816e-05
2023-01-13 11:40:00-05:00,105905.4384,36003.5784,-0.0009335461687784985
2023-01-13 11:50:00-05:00,105875.8614,36003.5784,-0.0002792774426587652
2023-01-13 12:00:00-05:00,105988.5584,36003.5784,0.001064425814437886
2023-01-13 12:10:00-05:00,106045.9664,36003.5784,0.0005416433704414914
2023-01-13 12:20:00-05:00,106156.37539999999,36003.5784,0.0010411428529353284
2023-01-13 12:30:00-05:00,106177.5814,36003.5784,0.00019976190709325437
2023-01-13 12:40:00-05:00,106071.9154,36003.5784,-0.0009951818322355699
2023-01-13 12:50:00-05:00,106120.00839999999,36003.5784,0.0004533999392641874
2023-01-13 13:00:00-05:00,106217.34139999999,36003.5784,0.0009171974396489091
2023-01-13 13:10:00-05:00,106169.52839999998,36003.5784,-0.00045014306863466746
2023-01-13 13:20:00-05:00,106117.3954,36003.5784,-0.0004910354297098518
2023-01-13 13:30:00-05:00,106235.50140000001,36003.5784,0.0011129749232425823
2023-01-13 13:40:00-05:00,106392.3014,36003.5784,0.001475966112397753
2023-01-13 13:50:00-05:00,106488.20859999998,36003.5784,0.0009014486832032986
2023-01-13 14:00:00-05:00,106478.2554,36003.5784,-9.346762548501086e-05
2023-01-13 14:10:00-05:00,106333.73319999999,36003.5784,-0.0013572930872794986
2023-01-13 14:20:00-05:00,106396.82139999999,36003.5784,0.0005933037249932216
2023-01-13 14:30:00-05:00,106482.3354,36003.5784,0.000803727018108269
2023-01-13 14:40:00-05:00,106475.55839999998,36003.5784,-6.364435917527445e-05
2023-01-13 14:50:00-05:00,106425.21539999999,36003.5784,-0.0004728127352088274
2023-01-13 15:00:00-05:00,106430.8984,36003.5784,5.339899927525593e-05
2023-01-13 15:10:00-05:00,106491.0354,36003.5784,0.0005650332836051319
2023-01-13 15:20:00-05:00,106564.32019999999,36003.5784,0.000688178114943927
2023-01-13 15:30:00-05:00,106649.66140000001,36003.5784,0.0008008421565479651
2023-01-13 15:40:00-05:00,106775.0414,36003.5784,0.0011756249232686145
2023-01-13 15:50:00-05:00,106619.8014,36003.5784,-0.0014538978207317976
2023-01-13 16:00:00-05:00,106742.82140000002,36003.5784,0.0011538194442746175
2023-01-17 09:30:00-05:00,106647.4614,36003.5784,-0.0008933621835108818
2023-01-17 09:40:00-05:00,106801.9758,36003.5784,0.001448833361541224
2023-01-17 09:50:00-05:00,106945.4614,36003.5784,0.0013434732730852605
2023-01-17 10:00:00-05:00,107059.59839999999,36003.5784,0.0010672449162951736
2023-01-17 10:10:00-05:00,107481.9754,36003.5784,0.003945251115382575
2023-01-17 10:20:00-05:00,107517.12639999998,36003.5784,0.0003270408816842263
2023-01-17 10:30:00-05:00,107358.6784,36003.5784,-0.001473700100675046
2023-01-17 10:40:00-05:00,107103.3014,36003.5784,-0.0023787271211417327
2023-01-17 10:50:00-05:00,106963.79999999999,36003.5784,-0.0013024939304066008
2023-01-17 11:00:00-05:00,106905.4154,36003.5784,-0.0005458351330075439
2023-01-17 11:10:00-05:00,106645.7984,36003.5784,-0.002428473796473374
2023-01-17 11:20:00-05:00,106573.8884,36003.5784,-0.0006742881677371804
2023-01-17 11:30:00-05:00,106793.09839999999,36003.5784,0.0020568828189626576
2023-01-17 11:40:00-05:00,107012.6014,36003.5784,0.002055404359351476
2023-01-17 11:50:00-05:00,107026.1154,36003.5784,0.00012628419291926818
2023-01-17 12:00:00-05:00,107057.1384,36003.5784,0.00028986383261742077
2023-01-17 12:10:00-05:00,106981.71119999999,36003.5784,-0.000704550870005427
2023-01-17 12:20:00-05:00,106911.8014,36003.5784,-0.0006534743108501662
2023-01-17 12:30:00-05:00,106921.9554,36003.5784,9.497548322112692e-05
2023-01-17 12:40:00-05:00,107010.33840000001,36003.5784,0.0008266122675120169
2023-01-17 12:50:00-05:00,107017.75839999999,36003.5784,6.93390948101058e-05
2023-01-17 13:00:00-05:00,107143.0114,36003.5784,0.0011703945389311965
2023-01-17 13:10:00-05:00,107139.2084,36003.5784,-3.549461556384692e-05
2023-01-17 13:20:00-05:00,107130.8954,36003.5784,-7.759064234424962e-05
2023-01-17 13:30:00-05:00,107119.71539999999,36003.5784,-0.00010435831753541347
2023-01-17 13:40:00-05:00,107245.2814,36003.5784,0.0011722025168863226
2023-01-17 13:50:00-05:00,107268.69140000001,36003.5784,0.00021828466198603458
2023-01-17 14:00:00-05:00,107232.81539999999,36003.5784,-0.0003344498709901833
2023-01-17 14:10:00-05:00,107208.6278,36003.5784,-0.0002255615495104779
2023-01-17 14:20:00-05:00,107013.2414,36003.5784,-0.0018224876487039632
2023-01-17 14:30:00-05:00,107034.34139999999,36003.5784,0.00019717186138801246
2023-01-17 14:40:00-05:00,107175.0114,36003.5784,0.0013142510913792815
2023-01-17 14:50:00-05:00,107150.56099999999,36003.5784,-0.00022813526847931254
2023-01-17 15:00:00-05:00,107112.4064,36003.5784,-0.00035608399661091195
2023-01-17 15:10:00-05:00,107154.0784,36003.5784,0.00038904923715721296
2023-01-17 15:20:00-05:00,107072.1384,36003.5784,-0.0007646932456842892
2023-01-17 15:30:00-05:00,107076.5814,36003.5784,4.149538868269964e-05
2023-01-17 15:40:00-05:00,107103.8986,36003.5784,0.0002551183428050052
2023-01-17 15:50:00-05:00,107031.09839999999,36003.5784,-0.0006797156868387777
2023-01-17 16:00:00-05:00,107092.8554,36003.5784,0.000577000525297855
2023-01-18 09:30:00-05:00,107728.44139999998,36003.5784,0.00593490571920996
2023-01-18 09:40:00-05:00,107913.90559999998,36003.5784,0.001721589931031886
2023-01-18 09:50:00-05:00,108082.07539999999,36003.5784,0.0015583700642189946
2023-01-18 10:00:00-05:00,108199.0754,36003.5784,0.0010825106713301391
2023-01-18 10:10:00-05:00,108193.3222,36003.5784,-5.317235825474942e-05
2023-01-18 10:20:00-05:00,107971.5154,36003.5784,-0.002050096951362379
2023-01-18 10:30:00-05:00,108240.24140000001,36003.5784,0.002488860131345527
2023-01-18 10:40:00-05:00,107860.17540000001,36003.5784,-0.0035113188504031223
2023-01-18 10:50:00-05:00,107723.9584,36003.5784,-0.00126290356468306
2023-01-18 11:00:00-05:00,107714.22139999998,36003.5784,-9.038843489084236e-05
2023-01-18 11:10:00-05:00,107491.8814,36003.5784,-0.002064165688709929
2023-01-18 11:20:00-05:00,107436.2354,36003.5784,-0.0005176763051799593
2023-01-18 11:30:00-05:00,107367.2614,36003.5784,-0.0006419994124254869
2023-01-18 11:40:00-05:00,107128.37539999999,36003.5784,-0.0022249426583587084
2023-01-18 11:50:00-05:00,107127.4086,36003.5784,-9.024686469683019e-06
2023-01-18 12:00:00-05:00,107196.1698,36003.5784,0.0006418637480232192
2023-01-18 12:10:00-05:00,107055.92139999999,36003.5784,-0.0013083340595254622
2023-01-18 12:20:00-05:00,107060.09839999999,36003.5784,3.901699173081141e-05
2023-01-18 12:30:00-05:00,107010.3614,36003.5784,-0.00046457084145545835
2023-01-18 12:40:00-05:00,107070.21540000002,36003.5784,0.0005593290146577168
2023-01-18 12:50:00-05:00,107050.1984,36003.5784,-0.000186952084902825
2023-01-18 13:00:00-05:00,107007.2354,36003.5784,-0.00040133508057083045
2023-01-18 13:10:00-05:00,106832.54019999999,36003.5784,-0.0016325550262745736
2023-01-18 13:20:00-05:00,106850.25839999999,36003.5784,0.00016585021723569682
2023-01-18 13:30:00-05:00,107029.17540000001,36003.5784,0.0016744648321787015
2023-01-18 13:40:00-05:00,106886.5814,36003.5784,-0.0013322909334496646
2023-01-18 13:50:00-05:00,107021.8296,36003.5784,0.0012653431163063278
2023-01-18 14:00:00-05:00,107133.79539999999,36003.5784,0.0010461959061853765
2023-01-18 14:10:00-05:00,107045.08140000001,36003.5784,-0.0008280673681796413
2023-01-18 14:20:00-05:00,107018.7954,36003.5784,-0.0002455600916568823
2023-01-18 14:30:00-05:00,107207.2084,36003.5784,0.0017605599025458663
2023-01-18 14:40:00-05:00,107166.5312,36003.5784,-0.0003794259789717813
2023-01-18 14:50:00-05:00,107091.2174,36003.5784,-0.0007027735166630356
2023-01-18 15:00:00-05:00,107040.7354,36003.5784,-0.00047139253083128274
2023-01-18 15:10:00-05:00,107021.27540000001,36003.5784,-0.00018179994678912959
2023-01-18 15:20:00-05:00,106999.78020000001,36003.5784,-0.00020084978355627836
2023-01-18 15:30:00-05:00,107018.25839999999,36003.5784,0.00017269381269247042
2023-01-18 15:40:00-05:00,106887.1954,36003.5784,-0.0012246788721801405
2023-01-18 15:50:00-05:00,106814.16140000001,36003.5784,-0.0006832810958007363
2023-01-18 16:00:00-05:00,106718.0814,36003.5784,-0.0008995061960016537
2023-01-19 09:30:00-05:00,106104.76139999999,36003.5784,-0.005747104820046034
2023-01-19 09:40:00-05:00,106014.07540000002,74886.77840000001,-0.0008546836051785967
2023-01-19 09:50:00-05:00,105657.0954,74886.77840000001,-0.0033672887175886235
2023-01-19 10:00:00-05:00,105784.6354,74886.77840000001,0.0012071124945953748
2023-01-19 10:10:00-05:00,105801.00140000001,74886.77840000001,0.00015471055827842584
2023-01-19 10:20:00-05:00,105808.14140000002,74886.77840000001,6.748518355714772e-05
2023-01-19 10:30:00-05:00,105656.94440000001,74886.77840000001,-0.0014289732150990497
2023-01-19 10:40:00-05:00,105754.8607,41509.49040000001,0.0009267379494650729
2023-01-19 10:50:00-05:00,105471.53450000001,41509.49040000001,-0.002679084423398037
2023-01-19 11:00:00-05:00,105399.82630000002,41509.49040000001,-0.0006798820206791456
2023-01-19 11:10:00-05:00,105492.14630000001,41509.49040000001,0.0008759027717675227
2023-01-19 11:20:00-05:00,105323.50630000001,41509.49040000001,-0.0015986024165288715
2023-01-19 11:30:00-05:00,105294.80630000001,41509.49040000001,-0.0002724937766337421
2023-01-19 11:40:00-05:00,105256.1763,41509.49040000001,-0.0003668746955091118
2023-01-19 11:50:00-05:00,105143.74040000001,41509.49040000001,-0.0010682118993143863
2023-01-19 12:00:00-05:00,105263.4845,41509.49040000001,0.0011388609492533064
2023-01-19 12:10:00-05:00,105304.3463,41509.49040000001,0.0003881858955561146
2023-01-19 12:20:00-05:00,105461.64450000001,41509.49040000001,0.0014937484114081467
2023-01-19 12:30:00-05:00,105329.74390000002,41509.49040000001,-0.0012506973566109858
2023-01-19 12:40:00-05:00,105400.7484,41509.49040000001,0.0006741163262240502
2023-01-19 12:50:00-05:00,105406.22450000001,41509.49040000001,5.195503905941479e-05
2023-01-19 13:00:00-05:00,105456.9263,41509.49040000001,0.0004810133390176219
2023-01-19 13:10:00-05:00,105450.4063,41509.49040000001,-6.182619035810522e-05
2023-01-19 13:20:00-05:00,105490.2304,41509.49040000001,0.00037765715085735785
2023-01-19 13:30:00-05:00,105512.3463,41509.49040000001,0.0002096487979610373
2023-01-19 13:40:00-05:00,105701.47450000001,41509.49040000001,0.0017924745930895103
2023-01-19 13:50:00-05:00,105615.4163,41509.49040000001,-0.0008141627201238011
2023-01-19 14:00:00-05:00,105644.43450000002,41509.49040000001,0.00027475344998495466
2023-01-19 14:10:00-05:00,105538.68450000002,41509.49040000001,-0.0010009992528285938
2023-01-19 14:20:00-05:00,105726.94630000001,41509.49040000001,0.0017838179516060926
2023-01-19 14:30:00-05:00,105991.9504,41509.49040000001,0.002506495356898286
2023-01-19 14:40:00-05:00,106019.10040000001,41509.49040000001,0.00025615152752211934
2023-01-19 14:50:00-05:00,106041.51630000002,41509.49040000001,0.00021143265614820272
2023-01-19 15:00:00-05:00,105995.47450000001,41509.49040000001,-0.00043418654887728003
2023-01-19 15:10:00-05:00,105937.10630000001,41509.49040000001,-0.0005506669060667546
2023-01-19 15:20:00-05:00,105925.85450000002,41509.49040000001,-0.0001062120761363694
2023-01-19 15:30:00-05:00,105894.80630000001,41509.49040000001,-0.00029311257526842827
2023-01-19 15:40:00-05:00,105714.15530000001,41509.49040000001,-0.0017059476882012037
2023-01-19 15:50:00-05:00,105592.96630000001,41509.49040000001,-0.0011463838466673204
2023-01-19 16:00:00-05:00,105392.0304,41509.49040000001,-0.0019029288317286008
2023-01-20 09:30:00-05:00,105879.30040000002,41509.49040000001,0.004623404617509097
2023-01-20 09:40:00-05:00,105706.91540000001,41509.49040000001,-0.001628127493747633
2023-01-20 09:50:00-05:00,105495.61140000001,41509.49040000001,-0.001998960987560916
2023-01-20 10:00:00-05:00,105665.01630000002,41509.49040000001,0.0016058004475436594
2023-01-20 10:10:00-05:00,105728.32040000001,41509.49040000001,0.0005991017861604053
2023-01-20 10:20:00-05:00,105522.05630000001,41509.49040000001,-0.001950887890960984
2023-01-20 10:30:00-05:00,105590.54040000001,41509.49040000001,0.0006490027052288294
2023-01-20 10:40:00-05:00,105586.4722,41509.49040000001,-3.852807253945656e-05
2023-01-20 10:50:00-05:00,105599.4304,41509.49040000001,0.0001227259489779975
2023-01-20 11:00:00-05:00,105477.2804,41509.49040000001,-0.0011567297241784624
2023-01-20 11:10:00-05:00,105761.3563,41509.49040000001,0.002693242553493125
2023-01-20 11:20:00-05:00,105849.41450000001,41509.49040000001,0.0008326122421333793
2023-01-20 11:30:00-05:00,105930.2304,41509.49040000001,0.0007634987910112301
2023-01-20 11:40:00-05:00,105853.24630000001,41509.49040000001,-0.000726743439613875
2023-01-20 11:50:00-05:00,105914.07450000002,41509.49040000001,0.0005746465236182718
2023-01-20 12:00:00-05:00,105895.8463,41509.49040000001,-0.00017210366125619547
2023-01-20 12:10:00-05:00,105976.85450000002,41509.49040000001,0.0007649799574811489
2023-01-20 12:20:00-05:00,106064.2795,41509.49040000001,0.0008249442806400609
2023-01-20 12:30:00-05:00,106071.1285,41509.49040000001,6.457404917359355e-05
2023-01-20 12:40:00-05:00,106143.99840000001,41509.49040000001,0.0006869908996962604
2023-01-20 12:50:00-05:00,106120.88040000001,41509.49040000001,-0.00021779846574920825
2023-01-20 13:00:00-05:00,106054.75020000001,41509.49040000001,-0.0006231591723583341
2023-01-20 13:10:00-05:00,106017.7431,41509.49040000001,-0.00034894335171420376
2023-01-20 13:20:00-05:00,105916.98040000001,41509.49040000001,-0.0009504324187032953
2023-01-20 13:30:00-05:00,106033.5763,41509.49040000001,0.0011008234898659541
2023-01-20 13:40:00-05:00,106327.55630000001,41509.49040000001,0.002772518010410785
2023-01-20 13:50:00-05:00,106447.47450000001,41509.49040000001,0.001127818640556777
2023-01-20 14:00:00-05:00,106543.03450000001,41509.49040000001,0.0008977197481561117
2023-01-20 14:10:00-05:00,106571.1345,41509.49040000001,0.00026374319195876517
2023-01-20 14:20:00-05:00,106543.15630000002,41509.49040000001,-0.0002625307512325037
2023-01-20 14:30:00-05:00,106651.72630000002,41509.49040000001,0.0010190236873994785
2023-01-20 14:40:00-05:00,106713.67860000001,41509.49040000001,0.0005808841745864601
2023-01-20 14:50:00-05:00,106630.06580000001,41509.49040000001,-0.0007835246717846633
2023-01-20 15:00:00-05:00,106705.4545,41509.49040000001,0.0007070116616207933
2023-01-20 15:10:00-05:00,106893.42040000002,41509.49040000001,0.0017615397533403687
2023-01-20 15:20:00-05:00,107010.83630000001,41509.49040000001,0.0010984389830601682
2023-01-20 15:30:00-05:00,106995.9263,41509.49040000001,-0.00013933168373903015
2023-01-20 15:40:00-05:00,107034.52040000001,41509.49040000001,0.000360706256159693
2023-01-20 15:50:00-05:00,106993.0763,41509.49040000001,-0.00038720311769624427
2023-01-20 16:00:00-05:00,107171.2886,41509.49040000001,0.0016656432935930887
2023-01-23 09:30:00-05:00,107702.66040000001,41509.49040000001,0.004958154436150108
2023-01-23 09:40:00-05:00,108174.69940000001,41509.49040000001,0.004382797957328766
2023-01-23 09:50:00-05:00,108614.97450000001,41509.49040000001,0.004070037656143555
2023-01-23 10:00:00-05:00,108839.63450000001,41509.49040000001,0.002068407243422943
2023-01-23 10:10:00-05:00,108757.6404,41509.49040000001,-0.0007533478073192823
2023-01-23 10:20:00-05:00,108922.4913,41509.49040000001,0.001515763852486085
2023-01-23 10:30:00-05:00,109044.11450000003,41509.49040000001,0.0011166031785396768
2023-01-23 10:40:00-05:00,109118.7213,41509.49040000001,0.0006841891498874375
2023-01-23 10:50:00-05:00,109347.60040000001,41509.49040000001,0.0020975236629721117
2023-01-23 11:00:00-05:00,109259.51490000001,41509.49040000001,-0.0008055549429322184
2023-01-23 11:10:00-05:00,109636.909,41509.49040000001,0.00345410740973362
2023-01-23 11:20:00-05:00,109812.25630000002,41509.49040000001,0.001599345526970497
2023-01-23 11:30:00-05:00,109520.74040000001,41509.49040000001,-0.0026546754417249296
2023-01-23 11:40:00-05:00,109714.45120000001,41509.49040000001,0.0017687133897426044
2023-01-23 11:50:00-05:00,109998.79450000002,41509.49040000001,0.0025916667940275584
2023-01-23 12:00:00-05:00,110046.76540000002,41509.49040000001,0.00043610387021097985
2023-01-23 12:10:00-05:00,109791.01430000002,41509.49040000001,-0.0023240219653015703
2023-01-23 12:20:00-05:00,109870.89630000002,41509.49040000001,0.000727582311806696
2023-01-23 12:30:00-05:00,109919.74040000001,41509.49040000001,0.0004445590383337361
2023-01-23 12:40:00-05:00,109994.5571,41509.49040000001,0.0006806484415604608
2023-01-23 12:50:00-05:00,109973.75630000002,41509.49040000001,-0.0001891075390310082
2023-01-23 13:00:00-05:00,110121.34450000002,41509.49040000001,0.0013420310896481435
2023-01-23 13:10:00-05:00,110177.33970000003,41509.49040000001,0.0005084863452606836
2023-01-23 13:20:00-05:00,110219.49550000002,41509.49040000001,0.0003826176972032691
2023-01-23 13:30:00-05:00,110291.92450000001,41509.49040000001,0.0006571342000016855
2023-01-23 13:40:00-05:00,110369.0145,41509.49040000001,0.0006989632318910033
2023-01-23 13:50:00-05:00,110345.49880000002,41509.49040000001,-0.0002130643288473788
2023-01-23 14:00:00-05:00,110231.22630000001,41509.49040000001,-0.0010355882318963117
2023-01-23 14:10:00-05:00,110127.94170000002,41509.49040000001,-0.0009369813206911992
2023-01-23 14:20:00-05:00,110184.5463,41509.49040000001,0.000513989448328811
2023-01-23 14:30:00-05:00,110044.47450000001,41509.49040000001,-0.0012712472366007699
2023-01-23 14:40:00-05:00,109785.34040000002,41509.49040000001,-0.0023548124626647793
2023-01-23 14:50:00-05:00,109566.4477,41509.49040000001,-0.001993824486971385
2023-01-23 15:00:00-05:00,109736.32630000002,41509.49040000001,0.001550461875565734
2023-01-23 15:10:00-05:00,109784.42670000001,41509.49040000001,0.00043832704831481273
2023-01-23 15:20:00-05:00,109935.50630000001,41509.49040000001,0.00137614782479889
2023-01-23 15:30:00-05:00,109921.51450000002,41509.49040000001,-0.00012727280267221808
2023-01-23 15:40:00-05:00,109894.38450000001,41509.49040000001,-0.0002468124654523285
2023-01-23 15:50:00-05:00,109919.01630000002,41509.49040000001,0.00022414066116360765
2023-01-23 16:00:00-05:00,110171.62630000002,41509.49040000001,0.002298146476407359
2023-01-24 09:30:00-05:00,109407.4645,41509.49040000001,-0.006936103474765698
2023-01-24 09:40:00-05:00,109705.63050000001,41509.49040000001,0.0027252802298514123
2023-01-24 09:50:00-05:00,110125.60630000001,41509.49040000001,0.0038282064292041174
2023-01-24 10:00:00-05:00,109724.92630000002,41509.49040000001,-0.0036383908653222496
2023-01-24 10:10:00-05:00,109639.11630000001,41509.49040000001,-0.0007820465494358109
2023-01-24 10:20:00-05:00,109686.5804,41509.49040000001,0.00043291209927409646
2023-01-24 10:30:00-05:00,109857.31040000002,41509.49040000001,0.0015565258701419893
2023-01-24 10:40:00-05:00,109666.32450000002,41509.49040000001,-0.0017384905866036915
2023-01-24 10:50:00-05:00,109836.1245,41509.49040000001,0.0015483330983705468
2023-01-24 11:00:00-05:00,110018.94630000001,41509.49040000001,0.001664496092084855
2023-01-24 11:10:00-05:00,109924.2463,41509.49040000001,-0.0008607608342455775
2023-01-24 11:20:00-05:00,109774.5081,41509.49040000001,-0.001362194466099309
2023-01-24 11:30:00-05:00,109998.7145,41509.49040000001,0.002042426824593546
2023-01-24 11:40:00-05:00,109914.63450000001,41509.49040000001,-0.0007643725690993364
2023-01-24 11:50:00-05:00,109873.15710000001,41509.49040000001,-0.00037736012305078503
2023-01-24 12:00:00-05:00,109851.74040000001,41509.49040000001,-0.00019492204069926355
2023-01-24 12:10:00-05:00,109906.58450000001,41509.49040000001,0.0004992556312743979
2023-01-24 12:20:00-05:00,109942.5704,41509.49040000001,0.0003274226031468874
2023-01-24 12:30:00-05:00,109904.1845,41509.49040000001,-0.00034914501143945564
2023-01-24 12:40:00-05:00,109792.1345,41509.49040000001,-0.001019524420382778
2023-01-24 12:50:00-05:00,109725.7363,41509.49040000001,-0.0006047628120391391
2023-01-24 13:00:00-05:00,109700.60040000001,41509.49040000001,-0.0002290793468112673
2023-01-24 13:10:00-05:00,109693.11570000002,41509.49040000001,-6.822843241238719e-05
2023-01-24 13:20:00-05:00,109780.71350000001,41509.49040000001,0.0007985715369738244
2023-01-24 13:30:00-05:00,109809.53730000001,41509.49040000001,0.0002625579583248605
2023-01-24 13:40:00-05:00,109804.23040000001,41509.49040000001,-4.832822476519283e-05
2023-01-24 13:50:00-05:00,109867.92450000001,41509.49040000001,0.0005800696363698066
2023-01-24 14:00:00-05:00,109822.50630000002,41509.49040000001,-0.0004133890779013383
2023-01-24 14:10:00-05:00,109665.6245,41509.49040000001,-0.0014285031846884566
2023-01-24 14:20:00-05:00,109679.69450000001,41509.49040000001,0.0001282990915718596
2023-01-24 14:30:00-05:00,109700.0804,41509.49040000001,0.00018586758554461902
2023-01-24 14:40:00-05:00,109721.2929,41509.49040000001,0.00019336813539827524
2023-01-24 14:50:00-05:00,109667.59630000002,41509.49040000001,-0.0004893908792062973
2023-01-24 15:00:00-05:00,109770.8704,41509.49040000001,0.0009417011358348049
2023-01-24 15:10:00-05:00,109761.86630000001,41509.49040000001,-8.20263150613787e-05
2023-01-24 15:20:00-05:00,109758.9804,41509.49040000001,-2.6292373638381328e-05
2023-01-24 15:30:00-05:00,109822.8245,41509.49040000001,0.0005816754106802158
2023-01-24 15:40:00-05:00,109639.94450000001,41509.49040000001,-0.001665227613955489
2023-01-24 15:50:00-05:00,109589.64630000001,41509.49040000001,-0.00045875798486927355
2023-01-24 16:00:00-05:00,109856.60630000001,41509.49040000001,0.002435996547239583
2023-01-25 09:30:00-05:00,108723.64450000001,41509.49040000001,-0.010313096664447019
2023-01-25 09:40:00-05:00,108725.23630000002,41509.49040000001,1.4640789566255918e-05
2023-01-25 09:50:00-05:00,108884.10040000001,41509.49040000001,0.0014611520324649963
2023-01-25 10:00:00-05:00,108455.6704,41509.49040000001,-0.0039347342580423605
2023-01-25 10:10:00-05:00,108623.42450000001,41509.49040000001,0.0015467526905814655
2023-01-25 10:20:00-05:00,108368.46450000002,41509.49040000001,-0.0023471916962072292
2023-01-25 10:30:00-05:00,108413.93040000001,41509.49040000001,0.000419549176134959
2023-01-25 10:40:00-05:00,108144.8604,41509.49040000001,-0.0024818766279135485
2023-01-25 10:50:00-05:00,108340.31630000002,41509.49040000001,0.001807352649742855
2023-01-25 11:00:00-05:00,108569.11450000001,41509.49040000001,0.0021118472588397275
2023-01-25 11:10:00-05:00,108556.2163,41509.49040000001,-0.00011880174264489174
2023-01-25 11:20:00-05:00,108984.7763,41509.49040000001,0.0039478162983836995
2023-01-25 11:30:00-05:00,108930.9804,41509.49040000001,-0.0004936093078901083
2023-01-25 11:40:00-05:00,108998.82220000002,41509.49040000001,0.0006227961939835325
2023-01-25 11:50:00-05:00,108976.28450000001,41509.49040000001,-0.00020677012416392415
2023-01-25 12:00:00-05:00,109070.81470000002,41509.49040000001,0.0008674382727740237
2023-01-25 12:10:00-05:00,109046.73130000003,41509.49040000001,-0.00022080517199973837
2023-01-25 12:20:00-05:00,109080.85630000001,41509.49040000001,0.0003129392288347965
2023-01-25 12:30:00-05:00,109007.92450000001,41509.49040000001,-0.0006686031121668767
2023-01-25 12:40:00-05:00,109060.70210000001,41509.49040000001,0.0004841629656016089
2023-01-25 12:50:00-05:00,109057.96650000001,41509.49040000001,-2.5083278828441635e-05
2023-01-25 13:00:00-05:00,109057.54630000002,41509.49040000001,-3.852996837139244e-06
2023-01-25 13:10:00-05:00,109159.89620000002,41509.49040000001,0.0009384944322738953
2023-01-25 13:20:00-05:00,109269.8904,41509.49040000001,0.0010076429515695207
2023-01-25 13:30:00-05:00,109437.17450000002,41509.49040000001,0.0015309258514641932
2023-01-25 13:40:00-05:00,109417.32350000001,41509.49040000001,-0.0001813917445393498
2023-01-25 13:50:00-05:00,109619.1122,41509.49040000001,0.001844211625227521
2023-01-25 14:00:00-05:00,109552.7804,41509.49040000001,-0.0006051116330788586
2023-01-25 14:10:00-05:00,109494.00630000001,41509.49040000001,-0.0005364911760833424
2023-01-25 14:20:00-05:00,109787.13450000001,41509.49040000001,0.0026771164002974412
2023-01-25 14:30:00-05:00,109601.0463,41509.49040000001,-0.001694990955429465
2023-01-25 14:40:00-05:00,109611.90220000001,41509.49040000001,9.904923690506884e-05
2023-01-25 14:50:00-05:00,109683.49210000002,41509.49040000001,0.00065312159138875
2023-01-25 15:00:00-05:00,109824.7163,41509.49040000001,0.0012875611206035753
2023-01-25 15:10:00-05:00,110045.1545,41509.49040000001,0.0020071820572507004
2023-01-25 15:20:00-05:00,109921.13930000001,41509.49040000001,-0.001126948301935382
2023-01-25 15:30:00-05:00,109970.0432,41509.49040000001,0.0004448998646795488
2023-01-25 15:40:00-05:00,109946.2345,41509.49040000001,-0.00021650168816156334
2023-01-25 15:50:00-05:00,109915.82040000001,41509.49040000001,-0.0002766270271856719
2023-01-25 16:00:00-05:00,109951.28450000001,41509.49040000001,0.00032264782149593607
2023-01-26 09:30:00-05:00,110712.58450000001,41509.49040000001,0.006923975499349533
2023-01-26 09:40:00-05:00,110900.75630000002,41509.49040000001,0.0016996423744404243
2023-01-26 09:50:00-05:00,110358.8304,41509.49040000001,-0.004886584348749112
2023-01-26 10:00:00-05:00,110134.7863,41509.49040000001,-0.002030142030211235
2023-01-26 10:10:00-05:00,109970.26450000002,41509.49040000001,-0.0014938223019913544
2023-01-26 10:20:00-05:00,110331.98790000001,41509.49040000001,0.003289283713598712
2023-01-26 10:30:00-05:00,110313.02630000001,41509.49040000001,-0.0001718594975119725
2023-01-26 10:40:00-05:00,110049.5545,41509.49040000001,-0.002388401522803729
2023-01-26 10:50:00-05:00,110188.82630000002,41509.49040000001,0.0012655371539920246
2023-01-26 11:00:00-05:00,109742.6854,41509.49040000001,-0.004048876051963246
2023-01-26 11:10:00-05:00,109955.6104,41509.49040000001,0.0019402204276659507
2023-01-26 11:20:00-05:00,109968.47040000002,41509.49040000001,0.00011695628766217325
2023-01-26 11:30:00-05:00,109953.02040000001,41509.49040000001,-0.00014049481586686507
2023-01-26 11:40:00-05:00,109976.5163,41509.49040000001,0.00021369035534002379
2023-01-26 11:50:00-05:00,110117.3404,41509.49040000001,0.001280492460916438
2023-01-26 12:00:00-05:00,110168.1885,41509.49040000001,0.00046176287781096725
2023-01-26 12:10:00-05:00,110346.1465,41509.49040000001,0.0016153301821786314
2023-01-26 12:20:00-05:00,110246.42450000001,41509.49040000001,-0.0009037198231475196
2023-01-26 12:30:00-05:00,110333.24040000001,41509.49040000001,0.0007874713433451141
2023-01-26 12:40:00-05:00,110452.78040000002,41509.49040000001,0.0010834450213428326
2023-01-26 12:50:00-05:00,110393.4263,41509.49040000001,-0.0005373708093636687
2023-01-26 13:00:00-05:00,110492.09630000002,41509.49040000001,0.0008938032209624414
2023-01-26 13:10:00-05:00,110311.9204,41509.49040000001,-0.0016306677675008707
2023-01-26 13:20:00-05:00,110313.9345,41509.49040000001,1.8258226243350606e-05
2023-01-26 13:30:00-05:00,110436.97630000001,41509.49040000001,0.0011153785834736585
2023-01-26 13:40:00-05:00,110613.7263,41509.49040000001,0.001600460334225895
2023-01-26 13:50:00-05:00,110670.25540000001,41509.49040000001,0.0005110495947555638
2023-01-26 14:00:00-05:00,110586.83630000001,41509.49040000001,-0.0007537626049428647
2023-01-26 14:10:00-05:00,110612.5441,41509.49040000001,0.0002324670897559944
2023-01-26 14:20:00-05:00,110656.6263,41509.49040000001,0.00039852803638762424
2023-01-26 14:30:00-05:00,110679.06450000001,41509.49040000001,0.000202773216121388
2023-01-26 14:40:00-05:00,110728.46450000002,41509.49040000001,0.0004463355398165447
2023-01-26 14:50:00-05:00,110693.69040000002,41509.49040000001,-0.0003140484260937271
2023-01-26 15:00:00-05:00,110795.65630000002,41509.49040000001,0.0009211536776083662
2023-01-26 15:10:00-05:00,110751.77450000001,41509.49040000001,-0.0003960606531467903
2023-01-26 15:20:00-05:00,110858.14310000002,41509.49040000001,0.0009604234377300624
2023-01-26 15:30:00-05:00,110918.5345,41509.49040000001,0.0005447628682135885
2023-01-26 15:40:00-05:00,110798.49040000001,41509.49040000001,-0.001082272683651353
2023-01-26 15:50:00-05:00,110750.69450000001,41509.49040000001,-0.0004313768159426301
2023-01-26 16:00:00-05:00,111080.8604,41509.49040000001,0.0029811632467910965
2023-01-27 09:30:00-05:00,110019.03040000002,41509.49040000001,-0.009559072518671163
2023-01-27 09:40:00-05:00,110108.67450000002,41509.49040000001,0.0008148053993393134
2023-01-27 09:50:00-05:00,110668.0804,41509.49040000001,0.005080488912796666
2023-01-27 10:00:00-05:00,110582.23040000001,41509.49040000001,-0.0007757431021636618
2023-01-27 10:10:00-05:00,110908.78450000002,41509.49040000001,0.0029530431681363822
2023-01-27 10:20:00-05:00,110969.9459,41509.49040000001,0.0005514567694138162
2023-01-27 10:30:00-05:00,110830.90130000001,41509.49040000001,-0.0012529933115881242
2023-01-27 10:40:00-05:00,110771.93040000001,41509.49040000001,-0.0005320799461909775
2023-01-27 10:50:00-05:00,110509.38630000001,41509.49040000001,-0.002370132027598948
2023-01-27 11:00:00-05:00,110436.19450000001,41509.49040000001,-0.0006623129713281273
2023-01-27 11:10:00-05:00,110396.65450000002,41509.49040000001,-0.0003580347926602778
2023-01-27 11:20:00-05:00,110597.86630000002,41509.49040000001,0.0018226258840117193
2023-01-27 11:30:00-05:00,110659.7745,41509.49040000001,0.0005597594426645092
2023-01-27 11:40:00-05:00,110710.44450000001,41509.49040000001,0.0004578899625355959
2023-01-27 11:50:00-05:00,110810.50630000001,41509.49040000001,0.0009038153577280994
2023-01-27 12:00:00-05:00,110772.48040000001,41509.49040000001,-0.00034316150399171796
2023-01-27 12:10:00-05:00,110795.32630000002,41509.49040000001,0.00020624165783322823
2023-01-27 12:20:00-05:00,111008.1163,41509.49040000001,0.0019205683768990234
2023-01-27 12:30:00-05:00,110924.86410000002,41509.49040000001,-0.0007499649825152277
2023-01-27 12:40:00-05:00,111044.7904,41509.49040000001,0.0010811489468389723
2023-01-27 12:50:00-05:00,111036.32630000002,41509.49040000001,-7.622239611149162e-05
2023-01-27 13:00:00-05:00,111133.47450000001,41509.49040000001,0.0008749226783451025
2023-01-27 13:10:00-05:00,111052.74450000002,41509.49040000001,-0.000726423792320019
2023-01-27 13:20:00-05:00,110957.35450000002,41509.49040000001,-0.000858961211895104
2023-01-27 13:30:00-05:00,111076.65040000001,41509.49040000001,0.0010751509040349827
2023-01-27 13:40:00-05:00,111224.98640000001,41509.49040000001,0.001335438181344406
2023-01-27 13:50:00-05:00,111321.35630000001,41509.49040000001,0.0008664411039209785
2023-01-27 14:00:00-05:00,111268.0063,41509.49040000001,-0.00047924317285752416
2023-01-27 14:10:00-05:00,111234.7063,41509.49040000001,-0.0002992774033373502
2023-01-27 14:20:00-05:00,111353.71040000001,41509.49040000001,0.001069846848689826
2023-01-27 14:30:00-05:00,111299.03630000002,41509.49040000001,-0.0004909948649540752
2023-01-27 14:40:00-05:00,111291.49040000001,41509.49040000001,-6.77984307040358e-05
2023-01-27 14:50:00-05:00,111326.04040000001,41509.49040000001,0.00031044601771279545
2023-01-27 15:00:00-05:00,111277.46040000001,41509.49040000001,-0.00043637589036182867
2023-01-27 15:10:00-05:00,111428.28629999999,41509.49040000001,0.0013554038657768164
2023-01-27 15:20:00-05:00,111307.34380000002,41509.49040000001,-0.0010853841875873016
2023-01-27 15:30:00-05:00,111365.1745,41509.49040000001,0.0005195587103747901
2023-01-27 15:40:00-05:00,111284.03630000002,41509.49040000001,-0.0007285778553687283
2023-01-27 15:50:00-05:00,111156.6704,41509.49040000001,-0.0011445118656252529
2023-01-27 16:00:00-05:00,110876.03040000002,41509.49040000001,-0.0025247247780101345
2023-01-30 09:30:00-05:00,110014.3504,41509.49040000001,-0.0077715624999505906
2023-01-30 09:40:00-05:00,109975.18629999999,77458.3304,-0.00035599083081083727
2023-01-30 09:50:00-05:00,110222.9363,77458.3304,0.002252780907542107
2023-01-30 10:00:00-05:00,110113.75630000001,77458.3304,-0.0009905379376106138
2023-01-30 10:10:00-05:00,110297.25630000001,77458.3304,0.0016664584532024573
2023-01-30 10:20:00-05:00,110272.2063,77458.3304,-0.0002271135370028876
2023-01-30 10:30:00-05:00,110013.04449999999,77458.3304,-0.002350200550943482
2023-01-30 10:40:00-05:00,109764.28450000001,77458.3304,-0.002261186399581727
2023-01-30 10:50:00-05:00,109825.8045,77458.3304,0.0005604737486353262
2023-01-30 11:00:00-05:00,109958.81040000002,77458.3304,0.0012110623783321284
2023-01-30 11:10:00-05:00,109994.7963,77458.3304,0.0003272670909140185
2023-01-30 11:20:00-05:00,110085.3163,60781.66790000001,0.0008229480215875551
2023-01-30 11:30:00-05:00,110080.08790000001,44049.827900000004,-4.749407255866256e-05
2023-01-30 11:40:00-05:00,110030.5563,44049.827900000004,-0.0004499596697725705
2023-01-30 11:50:00-05:00,109874.03950000001,44049.827900000004,-0.0014224848556907421
2023-01-30 12:00:00-05:00,110033.5163,44049.827900000004,0.0014514511410130826
2023-01-30 12:10:00-05:00,110061.3195,44049.827900000004,0.0002526793738391042
2023-01-30 12:20:00-05:00,110007.0695,44049.827900000004,-0.0004929070471484387
2023-01-30 12:30:00-05:00,110003.9663,44049.827900000004,-2.8209096143538837e-05
2023-01-30 12:40:00-05:00,109871.6963,44049.827900000004,-0.0012024111897863676
2023-01-30 12:50:00-05:00,109765.3279,44049.827900000004,-0.0009681146608454538
2023-01-30 13:00:00-05:00,109759.6563,44049.827900000004,-5.167023238128454e-05
2023-01-30 13:10:00-05:00,109865.1195,44049.827900000004,0.0009608557784814842
2023-01-30 13:20:00-05:00,109905.6995,44049.827900000004,0.0003693619975537743
2023-01-30 13:30:00-05:00,109819.60790000002,44049.827900000004,-0.000783322433610345
2023-01-30 13:40:00-05:00,109737.1979,44049.827900000004,-0.0007504124406914059
2023-01-30 13:50:00-05:00,109716.08630000001,44049.827900000004,-0.000192383261136575
2023-01-30 14:00:00-05:00,109737.9129,44049.827900000004,0.0001989370997093065
2023-01-30 14:10:00-05:00,109722.9879,44049.827900000004,-0.00013600586712092522
2023-01-30 14:20:00-05:00,109696.0495,44049.827900000004,-0.00024551281837625893
2023-01-30 14:30:00-05:00,109626.3095,44049.827900000004,-0.0006357567142833975
2023-01-30 14:40:00-05:00,109648.7479,44049.827900000004,0.00020468079334556855
2023-01-30 14:50:00-05:00,109638.1763,44049.827900000004,-9.641332165177818e-05
2023-01-30 15:00:00-05:00,109655.5763,44049.827900000004,0.00015870384374494506
2023-01-30 15:10:00-05:00,109571.2595,44049.827900000004,-0.0007689239603221321
2023-01-30 15:20:00-05:00,109376.1795,44049.827900000004,-0.0017803938814813236
2023-01-30 15:30:00-05:00,109260.22790000001,44049.827900000004,-0.0010601174819786507
2023-01-30 15:40:00-05:00,109484.3679,44049.827900000004,0.0020514326604290645
2023-01-30 15:50:00-05:00,109454.9879,44049.827900000004,-0.0002683488114654242
2023-01-30 16:00:00-05:00,109288.8195,44049.827900000004,-0.0015181436971315465
